{
  "encoder_model_name": "bidirectional_gru_seed_0",
  "mode": "val",
  "hyperparameters": {
    "acoustic_scale": 0.6,
    "temperature": 1.0,
    "beam_size": 1000,
    "num_homophone_beams": 3,
    "beam_prune_threshold": 22.0,
    "homophone_prune_threshold": 4.0,
    "beam_beta": 1.5,
    "word_boundary_bonus": 1.0,
    "alpha_ngram": 1.0,
    "llm_weight": 1.0,
    "ngram_rescore_weight": 0.0,
    "lm_rescore_interval": 15,
    "score_combination": "max",
    "disable_llm": false,
    "model": "HuggingFaceTB/SmolLM-360M",
    "lora_adapter": "/home/ebrahim/brainaudio/finetune_llm/smollm-360m-hf-finetuned-normalized"
  },
  "per_trial": {
    "trial_indices": [
      6,
      26,
      30,
      31,
      34,
      48,
      51,
      52,
      60,
      63,
      65,
      67,
      69,
      70,
      78,
      79,
      95,
      97,
      104,
      115,
      118,
      121,
      127,
      130,
      137,
      148,
      151,
      152,
      166,
      173,
      183,
      187,
      198,
      205,
      208,
      212,
      233,
      238,
      241,
      255,
      259,
      263,
      266,
      274,
      278,
      284,
      290,
      295,
      301,
      304,
      318,
      319,
      322,
      326,
      336,
      337,
      342,
      346,
      354,
      357,
      365,
      371,
      374,
      375,
      379,
      383,
      387,
      390,
      395,
      402,
      413,
      423,
      427,
      430,
      456,
      468,
      477,
      479,
      481,
      483,
      486,
      493,
      513,
      514,
      522,
      527,
      528,
      534,
      539,
      541,
      542,
      545,
      546,
      552,
      557,
      558,
      565,
      566,
      569,
      571,
      585,
      586,
      589,
      590,
      592,
      593,
      607,
      623,
      628,
      631,
      635,
      637,
      653,
      656,
      657,
      658,
      661,
      665,
      670,
      677,
      679,
      682,
      687,
      692,
      694,
      698,
      721,
      722,
      723,
      729,
      731,
      740,
      743,
      747,
      753,
      762,
      768,
      769,
      784,
      788,
      799,
      805,
      818,
      830,
      841,
      855,
      860,
      863,
      868,
      873
    ],
    "rtf": [
      0.19143899773452872,
      0.1394545940386776,
      0.11586886497287535,
      0.11120671058924185,
      0.11374658639351189,
      0.10604578337412986,
      0.13993698783861605,
      0.1489646974406265,
      0.16500754633363193,
      0.17861104747311943,
      0.1259982414402267,
      0.12791837652912363,
      0.12786172457006678,
      0.1495014910827964,
      0.17687660203628927,
      0.13266757718976768,
      0.11681887272888244,
      0.12903487448865134,
      0.18534028373147932,
      0.1373202367382043,
      0.2157786668407346,
      0.1318335853028928,
      0.13951141898779987,
      0.11901946619962639,
      0.11351184195895068,
      0.1314836243266025,
      0.12580307081282394,
      0.1105994664575686,
      0.13883333543832363,
      0.12800331341412213,
      0.14272064824278158,
      0.13106476797712158,
      0.14599280486301586,
      0.14820256875260027,
      0.2839719624965007,
      0.1252421185973675,
      0.1560917631554491,
      0.14481932137345593,
      0.14859579398460057,
      0.15267020586476548,
      0.14380239927309696,
      0.13262089080947997,
      0.15490801888518035,
      0.13333009116096015,
      0.10137223307258235,
      0.20588099906482726,
      0.1544560604792599,
      0.17071084443490359,
      0.13192840463792282,
      0.1304913086214048,
      0.14327480494948971,
      0.14583262316894738,
      0.10609920755086932,
      0.13451282103210913,
      0.12991350767234425,
      0.25086787094551255,
      0.19078854640706835,
      0.14231832226414554,
      0.16835007499421722,
      0.14236211858587922,
      0.1672706907078053,
      0.16039701946343096,
      0.15280136820207268,
      0.14147438312647864,
      0.17725021146664707,
      0.13686240199604072,
      0.192398837329906,
      0.15329370138109275,
      0.33262986008652506,
      0.13792307643318333,
      0.12946527435674726,
      0.13687365200374707,
      0.17707397958159218,
      0.1326845259468224,
      0.1870648845479908,
      0.11208962356160228,
      0.16403389687950135,
      0.13377822230144043,
      0.18849510024301708,
      0.14036616473458707,
      0.12840488535158973,
      0.23852631080395392,
      0.13331371809956485,
      0.1199498701346468,
      0.14345588790620828,
      0.1689089754138202,
      0.14757478769990753,
      0.1527083620133523,
      0.1305219405794003,
      0.14416050066559008,
      0.12427825083880004,
      0.1442947916118154,
      0.14056576021575004,
      0.1301694693211175,
      0.2257216949551043,
      0.16238882431273602,
      0.1547786726244821,
      0.16248351646626882,
      0.17676382667559665,
      0.13851974732943392,
      0.16979085731792212,
      0.14810521264162876,
      0.1415110799081793,
      0.11369636789634664,
      0.10913720669060271,
      0.13933727687981445,
      0.22484829129512668,
      0.21232508065622824,
      0.12331022468011675,
      0.09741571830718072,
      0.1692929963344174,
      0.15873165435893324,
      0.13557782810191082,
      0.137850518375723,
      0.11614892165769476,
      0.14437525265384465,
      0.15304863003210256,
      0.14835909616002546,
      0.14790924402377775,
      0.3690980124899753,
      0.14827463441777158,
      0.20812977173077143,
      0.13700898636543993,
      0.13651783748563112,
      0.133196099214108,
      0.15799005623415635,
      0.16239797360968725,
      0.14987440069186658,
      0.1331814182608818,
      0.13858105970591186,
      0.10950294844016233,
      0.1259158565836403,
      0.253990401676269,
      0.13452431782806182,
      0.12829350520432717,
      0.1235323482203287,
      0.14465920357329268,
      0.11983058641991637,
      0.13162255390962382,
      0.15825766598572955,
      0.12294083564484026,
      0.1699896368437395,
      0.11869254457155601,
      0.14363702902277836,
      0.13925386956543662,
      0.35344045893344583,
      0.17286163895429735,
      0.12897286053177798,
      0.18203822794021107,
      0.11957480125905326
    ]
  },
  "aggregate": {
    "peak_vram_gb": 1.8708686828613281,
    "peak_cpu_memory_gb": 6.968162536621094,
    "total_time_seconds": 123.0243274429813,
    "mean_rtf": 0.15223640437624922,
    "median_rtf": 0.14191470108616241,
    "num_trials": 150,
    "wer": 0.15482502651113467
  }
}