{
  "encoder_model_name": "bidirectional_gru_seed_0",
  "mode": "val",
  "hyperparameters": {
    "acoustic_scale": 0.6,
    "temperature": 1.0,
    "beam_size": 1000,
    "num_homophone_beams": 3,
    "beam_prune_threshold": 22.0,
    "homophone_prune_threshold": 4.0,
    "beam_beta": 1.5,
    "word_boundary_bonus": 1.0,
    "alpha_ngram": 1.0,
    "llm_weight": 1.0,
    "ngram_rescore_weight": 0.0,
    "lm_rescore_interval": 15,
    "score_combination": "max",
    "disable_llm": false,
    "model": "google/gemma-3-270m",
    "lora_adapter": "/home/ebrahim/brainaudio/finetune_llm/gemma-3-270m-hf-finetuned-normalized"
  },
  "per_trial": {
    "trial_indices": [
      6,
      26,
      30,
      31,
      34,
      48,
      51,
      52,
      60,
      63,
      65,
      67,
      69,
      70,
      78,
      79,
      95,
      97,
      104,
      115,
      118,
      121,
      127,
      130,
      137,
      148,
      151,
      152,
      166,
      173,
      183,
      187,
      198,
      205,
      208,
      212,
      233,
      238,
      241,
      255,
      259,
      263,
      266,
      274,
      278,
      284,
      290,
      295,
      301,
      304,
      318,
      319,
      322,
      326,
      336,
      337,
      342,
      346,
      354,
      357,
      365,
      371,
      374,
      375,
      379,
      383,
      387,
      390,
      395,
      402,
      413,
      423,
      427,
      430,
      456,
      468,
      477,
      479,
      481,
      483,
      486,
      493,
      513,
      514,
      522,
      527,
      528,
      534,
      539,
      541,
      542,
      545,
      546,
      552,
      557,
      558,
      565,
      566,
      569,
      571,
      585,
      586,
      589,
      590,
      592,
      593,
      607,
      623,
      628,
      631,
      635,
      637,
      653,
      656,
      657,
      658,
      661,
      665,
      670,
      677,
      679,
      682,
      687,
      692,
      694,
      698,
      721,
      722,
      723,
      729,
      731,
      740,
      743,
      747,
      753,
      762,
      768,
      769,
      784,
      788,
      799,
      805,
      818,
      830,
      841,
      855,
      860,
      863,
      868,
      873
    ],
    "rtf": [
      0.20304930472689658,
      0.1685455550950092,
      0.10214893881375035,
      0.12323049438181238,
      0.13742199620007997,
      0.1170581455773893,
      0.12329601708137182,
      0.1546637009783015,
      0.17174322825247565,
      0.11178072584427994,
      0.2284658612500477,
      0.19239221189154038,
      0.1616136100717101,
      0.14986780720042028,
      0.18903226147664767,
      0.1175549759543227,
      0.12293382473713295,
      0.11638765746384808,
      0.1604357345489114,
      0.14006919956401637,
      0.2080787938884105,
      0.13214314694459173,
      0.1326363682612562,
      0.1130774693261959,
      0.12263124251681991,
      0.14001606635597105,
      0.1354823416548635,
      0.11097464732153399,
      0.13900202197524217,
      0.12412727897399013,
      0.13821487951241176,
      0.11892298587000645,
      0.17456608750055438,
      0.2400577490866786,
      0.1530277329782786,
      0.13147460930222804,
      0.186175469417848,
      0.17281646613873605,
      0.15303922175314857,
      0.17013169490383007,
      0.12712842676722044,
      0.1471773873654665,
      0.16640830046857114,
      0.12929512508855992,
      0.10443158385057288,
      0.2293668350244272,
      0.1595890268236549,
      0.15346515010936523,
      0.12339692669532572,
      0.12198060330239753,
      0.14022218894624952,
      0.16400705858359288,
      0.10909850522390722,
      0.14236539085154284,
      0.13475915653874504,
      0.2577628867220483,
      0.14131333423153447,
      0.15180139705535112,
      0.165858114005773,
      0.1691516989194497,
      0.14977651693287397,
      0.1859938131109048,
      0.1410641755564543,
      0.13967559042309102,
      0.17218844192636124,
      0.15621495275991037,
      0.16985088965875658,
      0.31030704948433496,
      0.16442428351048022,
      0.15192700022733052,
      0.12886039072590083,
      0.14012417835017132,
      0.1848116647737215,
      0.13787072890789123,
      0.17063813273456285,
      0.14865294200956028,
      0.15490626842380917,
      0.14276345824658743,
      0.20729880550061353,
      0.3555583959969226,
      0.1394727890217881,
      0.11809296554781976,
      0.13872819054255991,
      0.12264864133761208,
      0.1704408766067166,
      0.1983172197322992,
      0.14596935552468554,
      0.1820562466328295,
      0.14958722446807565,
      0.14755993762936787,
      0.14687419483939615,
      0.28815187352901217,
      0.15260436951549064,
      0.14567300254384463,
      0.1314228930520282,
      0.15636278250233523,
      0.1516385251734926,
      0.17869833617178882,
      0.14575564832326068,
      0.13811719630267566,
      0.1687269385406075,
      0.16227770097072372,
      0.13239247310786706,
      0.11809525862316088,
      0.3051939362194389,
      0.13447045837529004,
      0.13037317373887106,
      0.18673996153211192,
      0.1328184557260593,
      0.10296381487619485,
      0.1859692490919459,
      0.17723432137627504,
      0.11881324244313873,
      0.12894603843857833,
      0.12449294753064033,
      0.16116803783612946,
      0.35139159717214025,
      0.1643849221980009,
      0.15622484458631264,
      0.21257139264691985,
      0.12389143579240812,
      0.1765459521898858,
      0.1507246743977005,
      0.1447120301236282,
      0.15338719145686824,
      0.13265665778506933,
      0.17323255241434607,
      0.1557959416661308,
      0.12161368960872865,
      0.24720848843881343,
      0.09962833459472416,
      0.13805443618605892,
      0.158336826249421,
      0.14339411194241083,
      0.12045608376893005,
      0.12728694094291243,
      0.14936022441058108,
      0.11806352153182663,
      0.13448921055392732,
      0.16780235732827956,
      0.15240563843690325,
      0.49084353296267286,
      0.12432030407033007,
      0.17841322644530103,
      0.1999128483673659,
      0.12343586845201485,
      0.16416579543147236,
      0.13430546555254194,
      0.18028428584026795,
      0.11732903852437934
    ]
  },
  "aggregate": {
    "peak_vram_gb": 9.356361865997314,
    "peak_cpu_memory_gb": 7.100048065185547,
    "total_time_seconds": 128.8489176419098,
    "mean_rtf": 0.1589683466674663,
    "median_rtf": 0.14900658321007068,
    "num_trials": 150,
    "wer": 0.43796394485683987
  }
}