{
  "encoder_model_name": "bidirectional_gru_seed_0",
  "mode": "val",
  "hyperparameters": {
    "acoustic_scale": 0.6,
    "temperature": 1.0,
    "beam_size": 1000,
    "num_homophone_beams": 3,
    "beam_prune_threshold": 22.0,
    "homophone_prune_threshold": 4.0,
    "beam_beta": 1.5,
    "word_boundary_bonus": 1.0,
    "alpha_ngram": 0.8,
    "llm_weight": 1.2,
    "ngram_rescore_weight": 0.0,
    "lm_rescore_interval": 10,
    "score_combination": "max",
    "disable_llm": false,
    "model": "HuggingFaceTB/SmolLM-360M",
    "lora_adapter": "/home/ebrahim/brainaudio/finetune_llm/smollm-360m-hf-finetuned-normalized"
  },
  "per_trial": {
    "trial_indices": [
      6,
      26,
      30,
      31,
      34,
      48,
      51,
      52,
      60,
      63,
      65,
      67,
      69,
      70,
      78,
      79,
      95,
      97,
      104,
      115,
      118,
      121,
      127,
      130,
      137,
      148,
      151,
      152,
      166,
      173,
      183,
      187,
      198,
      205,
      208,
      212,
      233,
      238,
      241,
      255,
      259,
      263,
      266,
      274,
      278,
      284,
      290,
      295,
      301,
      304,
      318,
      319,
      322,
      326,
      336,
      337,
      342,
      346,
      354,
      357,
      365,
      371,
      374,
      375,
      379,
      383,
      387,
      390,
      395,
      402,
      413,
      423,
      427,
      430,
      456,
      468,
      477,
      479,
      481,
      483,
      486,
      493,
      513,
      514,
      522,
      527,
      528,
      534,
      539,
      541,
      542,
      545,
      546,
      552,
      557,
      558,
      565,
      566,
      569,
      571,
      585,
      586,
      589,
      590,
      592,
      593,
      607,
      623,
      628,
      631,
      635,
      637,
      653,
      656,
      657,
      658,
      661,
      665,
      670,
      677,
      679,
      682,
      687,
      692,
      694,
      698,
      721,
      722,
      723,
      729,
      731,
      740,
      743,
      747,
      753,
      762,
      768,
      769,
      784,
      788,
      799,
      805,
      818,
      830,
      841,
      855,
      860,
      863,
      868,
      873
    ],
    "rtf": [
      0.23241796839925438,
      0.16053948864842263,
      0.1481024524722205,
      0.15630052895380223,
      0.15307179634839507,
      0.13370472249602353,
      0.14944252325221896,
      0.1776782470980647,
      0.23470942405625603,
      0.14024706959733865,
      0.16279050034687054,
      0.1810012643456902,
      0.14068603946055333,
      0.2068071711479346,
      0.1928294389045379,
      0.1370352646963689,
      0.14990282186111223,
      0.20425013317435514,
      0.19396457203691422,
      0.23422155772214348,
      0.16021748451748863,
      0.16655629539551833,
      0.15743713775009383,
      0.13386951676776251,
      0.13901911004869288,
      0.17943312778907755,
      0.15110679483840095,
      0.12252755394521436,
      0.19286773832780973,
      0.18005830030987696,
      0.3317014878525192,
      0.20869127822705827,
      0.1900785564901997,
      0.19507393338178033,
      0.18148447502012874,
      0.13600263272119845,
      0.1957228000001602,
      0.1708249725282279,
      0.1730165454519719,
      0.19382759884156628,
      0.1813394182162093,
      0.23208571293179867,
      0.2282287243129262,
      0.18311287142963084,
      0.11387137615551741,
      0.21508004442280668,
      0.17133029879562767,
      0.19618082238594067,
      0.16653117715498938,
      0.15031936636660248,
      0.3216197064111204,
      0.17780443490664766,
      0.13958270807658363,
      0.16925484724640957,
      0.1671664250104434,
      0.21081159593450138,
      0.17153524570044523,
      0.17549705155488482,
      0.2192870068970008,
      0.17848053546913434,
      0.23510702479641976,
      0.3697855610612276,
      0.20854643694094746,
      0.21409222269236733,
      0.17983718568454304,
      0.18124800751684234,
      0.18613373903474298,
      0.2088193206671147,
      0.2535019409557943,
      0.1853357141953893,
      0.16382970373427072,
      0.1734889680977046,
      0.19423582829292674,
      0.28432709588008975,
      0.25281683727040544,
      0.1365890395569951,
      0.20281225215033996,
      0.16720935554158958,
      0.19524913525674492,
      0.16700862525613047,
      0.20283397955098756,
      0.15322527111935857,
      0.1371564725457438,
      0.16520769770105123,
      0.17411871813237667,
      0.19343873746918455,
      0.35883928525078373,
      0.17010934006509323,
      0.1455553372542621,
      0.18624037119203105,
      0.17559207296401907,
      0.1803574845646782,
      0.19393281037947616,
      0.1403519584073365,
      0.1462318008634611,
      0.1981828688770871,
      0.31312834557063657,
      0.2064794486826979,
      0.13916662699722854,
      0.17857064425586533,
      0.21792868509591143,
      0.16885392723952974,
      0.2143588473589978,
      0.16723891531000845,
      0.13797997694225694,
      0.17831423475581687,
      0.15560907926602005,
      0.36928975214323145,
      0.196192178378083,
      0.13261031854199246,
      0.19685869375257978,
      0.1874068782511302,
      0.13802023019403958,
      0.23679141839856352,
      0.1677669969530841,
      0.1787592198428077,
      0.19077606895382726,
      0.17599096965420116,
      0.16338377070279597,
      0.42198668860415317,
      0.17277914468575373,
      0.2487546831695869,
      0.1963810901141314,
      0.17166919910128592,
      0.1560578785655606,
      0.16732223125362042,
      0.19778412291392064,
      0.18501508505626893,
      0.16968816462814665,
      0.185740972882102,
      0.16745772856146296,
      0.3613106649330196,
      0.18482440032168612,
      0.16038844283577738,
      0.17634692257391843,
      0.161811815792884,
      0.1780504753927715,
      0.13183287900322652,
      0.1535483990993676,
      0.17547114616415152,
      0.1702677296998445,
      0.1866434256953653,
      0.14808718267623447,
      0.2988816580163518,
      0.2195707505249985,
      0.16751923900474572,
      0.1952659449792312,
      0.1927769463832697,
      0.1934881908528041,
      0.15179851250043916
    ]
  },
  "aggregate": {
    "peak_vram_gb": 1.942399024963379,
    "peak_cpu_memory_gb": 7.089252471923828,
    "total_time_seconds": 151.83773013204336,
    "mean_rtf": 0.1890645655916623,
    "median_rtf": 0.17852558986249983,
    "num_trials": 150,
    "wer": 0.15164369034994699
  }
}