{
  "": {
    "0": 0.209566,
    "1": 0.205893,
    "2": 0.208535
  }
}