{
  "chunk_1_context_20": {
    "0": 0.078638,
    "1": 0.078324,
    "2": 0.080064,
    "3": 0.082915,
    "4": 0.078856,
    "5": 0.082987,
    "6": 0.084968,
    "7": 0.086418,
    "8": 0.086273,
    "9": 0.080015
  },
  "chunk_1_context_17.5": {
    "0": 0.078687,
    "1": 0.0783,
    "2": 0.080112,
    "3": 0.082939,
    "4": 0.078759,
    "5": 0.082987,
    "6": 0.084968,
    "7": 0.086442,
    "8": 0.086273,
    "9": 0.080015
  },
  "chunk_1_context_15": {
    "0": 0.078783,
    "1": 0.078348,
    "2": 0.080112,
    "3": 0.082963,
    "4": 0.078711,
    "5": 0.083011,
    "6": 0.085113,
    "7": 0.08649,
    "8": 0.086224,
    "9": 0.080185
  },
  "chunk_1_context_12.5": {
    "0": 0.078735,
    "1": 0.078518,
    "2": 0.079991,
    "3": 0.083011,
    "4": 0.078977,
    "5": 0.083156,
    "6": 0.085113,
    "7": 0.086514,
    "8": 0.086345,
    "9": 0.079943
  },
  "chunk_1_context_10": {
    "0": 0.07859,
    "1": 0.078735,
    "2": 0.080185,
    "3": 0.083349,
    "4": 0.079073,
    "5": 0.083325,
    "6": 0.085306,
    "7": 0.086297,
    "8": 0.086345,
    "9": 0.080136
  },
  "chunk_1_context_7.5": {
    "0": 0.079001,
    "1": 0.078469,
    "2": 0.08045,
    "3": 0.084364,
    "4": 0.079605,
    "5": 0.083567,
    "6": 0.085983,
    "7": 0.086538,
    "8": 0.086973,
    "9": 0.080837
  },
  "chunk_1_context_5": {
    "0": 0.079798,
    "1": 0.079339,
    "2": 0.081223,
    "3": 0.085016,
    "4": 0.079146,
    "5": 0.084292,
    "6": 0.086273,
    "7": 0.087432,
    "8": 0.086973,
    "9": 0.081755
  }
}