{
  "chunk_1_context_full": {
    "0": 0.161281,
    "1": 0.160249,
    "2": 0.155091,
    "3": 0.155999,
    "4": 0.152243,
    "5": 0.159341,
    "6": 0.164294,
    "7": 0.162478,
    "8": 0.162602,
    "9": 0.157608
  },
  "chunk_1_context_20": {
    "0": 0.161281,
    "1": 0.160249,
    "2": 0.155091,
    "3": 0.155999,
    "4": 0.152243,
    "5": 0.159341,
    "6": 0.164294,
    "7": 0.162478,
    "8": 0.162602,
    "9": 0.157608
  },
  "chunk_1_context_17.5": {
    "0": 0.161281,
    "1": 0.160249,
    "2": 0.155091,
    "3": 0.155999,
    "4": 0.152243,
    "5": 0.159341,
    "6": 0.164294,
    "7": 0.162478,
    "8": 0.162602,
    "9": 0.157608
  },
  "chunk_1_context_15": {
    "0": 0.161281,
    "1": 0.160249,
    "2": 0.155173,
    "3": 0.155999,
    "4": 0.152243,
    "5": 0.159383,
    "6": 0.164294,
    "7": 0.162519,
    "8": 0.162643,
    "9": 0.157608
  },
  "chunk_1_context_12.5": {
    "0": 0.16124,
    "1": 0.160249,
    "2": 0.155049,
    "3": 0.156081,
    "4": 0.152243,
    "5": 0.159424,
    "6": 0.164252,
    "7": 0.16256,
    "8": 0.162602,
    "9": 0.157567
  },
  "chunk_1_context_10": {
    "0": 0.161198,
    "1": 0.160249,
    "2": 0.155091,
    "3": 0.155833,
    "4": 0.152284,
    "5": 0.159424,
    "6": 0.164376,
    "7": 0.162437,
    "8": 0.16256,
    "9": 0.157608
  },
  "chunk_1_context_7.5": {
    "0": 0.161322,
    "1": 0.160208,
    "2": 0.155091,
    "3": 0.155916,
    "4": 0.151665,
    "5": 0.159589,
    "6": 0.164087,
    "7": 0.16223,
    "8": 0.162354,
    "9": 0.157608
  },
  "chunk_1_context_5": {
    "0": 0.16124,
    "1": 0.160373,
    "2": 0.155049,
    "3": 0.155957,
    "4": 0.151665,
    "5": 0.159506,
    "6": 0.164046,
    "7": 0.162106,
    "8": 0.162519,
    "9": 0.157691
  }
}