{
  "chunk_1_context_15": {
    "0": 0.08806,
    "1": 0.086176,
    "2": 0.084292,
    "3": 0.086224,
    "4": 0.091588
  }
}