{
  "chunk_full_context_full": {
    "1": 0.157484,
    "2": 0.157237,
    "3": 0.152284,
    "4": 0.15018,
    "5": 0.150138,
    "6": 0.159218,
    "7": 0.15864,
    "8": 0.163551,
    "9": 0.149437
  }
}