{
  "0": 0.175519,
  "1": 0.176303,
  "2": 0.168379,
  "3": 0.174941,
  "4": 0.164459,
  "5": 0.175395,
  "6": 0.172094,
  "7": 0.171681,
  "8": 0.171062,
  "9": 0.16223
}