{
  "chunk_1_context_15": {
    "0": 0.090162,
    "1": 0.087312,
    "2": 0.086104,
    "3": 0.08376,
    "4": 0.090694
  }
}