{
  "chunk_1_context_20": {
    "0": 0.122198,
    "1": 0.115989,
    "2": 0.12314,
    "3": 0.120748,
    "4": 0.121086,
    "5": 0.115795,
    "6": 0.120603,
    "7": 0.117486,
    "8": 0.120072,
    "9": 0.117124
  }
}