{
  "chunk_1_context_20": {
    "0": 0.158433,
    "1": 0.16223,
    "2": 0.159589,
    "3": 0.160291,
    "4": 0.152986
  },
  "chunk_10_context_20": {
    "0": 0.15897,
    "1": 0.162106,
    "2": 0.159094,
    "3": 0.1619,
    "4": 0.153027
  }
}