{
  "chunk_1_context_20": {
    "0": 0.135509,
    "1": 0.126474,
    "2": 0.157059,
    "3": 0.133625,
    "4": 0.136113,
    "5": 0.132393,
    "6": 0.132948,
    "7": 0.131064,
    "8": 0.137998,
    "9": 0.133625
  }
}