{
  "chunk_1_context_full": {
    "0": 0.097289,
    "1": 0.090501,
    "2": 0.087819,
    "3": 0.088616,
    "4": 0.093569
  }
}