{
  "chunk_1_context_20": {
    "6": 0.084968,
    "9": 0.080015
  }
}